shortOperatorName,lineName,backgroundColor,textColor,borderColor,shape,wikidataQid,GTFSAgencyID,GTFSAgencyName
hsl,1,#008151,#ffffff,,rectangle-rounded-corner,,HSL,Helsingin seudun liikenne
hsl,1H,#008151,#ffffff,,rectangle-rounded-corner,,HSL,Helsingin seudun liikenne
hsl,1T,#008151,#ffffff,,rectangle-rounded-corner,,HSL,Helsingin seudun liikenne
hsl,2,#008151,#ffffff,,rectangle-rounded-corner,,HSL,Helsingin seudun liikenne
hsl,2H,#008151,#ffffff,,rectangle-rounded-corner,,HSL,Helsingin seudun liikenne
hsl,3,#008151,#ffffff,,rectangle-rounded-corner,,HSL,Helsingin seudun liikenne
hsl,3H,#008151,#ffffff,,rectangle-rounded-corner,,HSL,Helsingin seudun liikenne
hsl,4,#008151,#ffffff,,rectangle-rounded-corner,,HSL,Helsingin seudun liikenne
hsl,4H,#008151,#ffffff,,rectangle-rounded-corner,,HSL,Helsingin seudun liikenne
hsl,4T,#008151,#ffffff,,rectangle-rounded-corner,,HSL,Helsingin seudun liikenne
hsl,5,#008151,#ffffff,,rectangle-rounded-corner,,HSL,Helsingin seudun liikenne
hsl,5H,#008151,#ffffff,,rectangle-rounded-corner,,HSL,Helsingin seudun liikenne
hsl,5T,#008151,#ffffff,,rectangle-rounded-corner,,HSL,Helsingin seudun liikenne
hsl,6,#008151,#ffffff,,rectangle-rounded-corner,,HSL,Helsingin seudun liikenne
hsl,6H,#008151,#ffffff,,rectangle-rounded-corner,,HSL,Helsingin seudun liikenne
hsl,7,#008151,#ffffff,,rectangle-rounded-corner,,HSL,Helsingin seudun liikenne
hsl,7H,#008151,#ffffff,,rectangle-rounded-corner,,HSL,Helsingin seudun liikenne
hsl,8,#008151,#ffffff,,rectangle-rounded-corner,,HSL,Helsingin seudun liikenne
hsl,8H,#008151,#ffffff,,rectangle-rounded-corner,,HSL,Helsingin seudun liikenne
hsl,8T,#008151,#ffffff,,rectangle-rounded-corner,,HSL,Helsingin seudun liikenne
hsl,9,#008151,#ffffff,,rectangle-rounded-corner,,HSL,Helsingin seudun liikenne
hsl,9H,#008151,#ffffff,,rectangle-rounded-corner,,HSL,Helsingin seudun liikenne
hsl,9N,#008151,#ffffff,,rectangle-rounded-corner,,HSL,Helsingin seudun liikenne
hsl,10,#008151,#ffffff,,rectangle-rounded-corner,,HSL,Helsingin seudun liikenne
hsl,10B,#008151,#ffffff,,rectangle-rounded-corner,,HSL,Helsingin seudun liikenne
hsl,10H,#008151,#ffffff,,rectangle-rounded-corner,,HSL,Helsingin seudun liikenne
hsl,13,#008151,#ffffff,,rectangle-rounded-corner,,HSL,Helsingin seudun liikenne
hsl,13H,#008151,#ffffff,,rectangle-rounded-corner,,HSL,Helsingin seudun liikenne
hsl,15,#007e79,#ffffff,,rectangle-rounded-corner,Q31085928,HSL,Helsingin seudun liikenne
hsl,17,#007a97,#ffffff,,rectangle-rounded-corner,,HSL,Helsingin seudun liikenne
hsl,19,#007a97,#ffffff,,rectangle-rounded-corner,,HSL,Helsingin seudun liikenne
hsl,19E,#007a97,#ffffff,,rectangle-rounded-corner,,HSL,Helsingin seudun liikenne
hsl,20,#ca4000,#ffffff,,rectangle-rounded-corner,,HSL,Helsingin seudun liikenne
hsl,21,#0074bf,#ffffff,,rectangle-rounded-corner,,HSL,Helsingin seudun liikenne
hsl,21N,#0074bf,#ffffff,,rectangle-rounded-corner,,HSL,Helsingin seudun liikenne
hsl,22,#0074bf,#ffffff,,rectangle-rounded-corner,,HSL,Helsingin seudun liikenne
hsl,22B,#0074bf,#ffffff,,rectangle-rounded-corner,,HSL,Helsingin seudun liikenne
hsl,23,#0074bf,#ffffff,,rectangle-rounded-corner,,HSL,Helsingin seudun liikenne
hsl,24,#0074bf,#ffffff,,rectangle-rounded-corner,,HSL,Helsingin seudun liikenne
hsl,25,#0074bf,#ffffff,,rectangle-rounded-corner,,HSL,Helsingin seudun liikenne
hsl,26,#0074bf,#ffffff,,rectangle-rounded-corner,,HSL,Helsingin seudun liikenne
hsl,30,#ca4000,#ffffff,,rectangle-rounded-corner,,HSL,Helsingin seudun liikenne
hsl,31,#0074bf,#ffffff,,rectangle-rounded-corner,,HSL,Helsingin seudun liikenne
hsl,32,#0074bf,#ffffff,,rectangle-rounded-corner,,HSL,Helsingin seudun liikenne
hsl,33,#0074bf,#ffffff,,rectangle-rounded-corner,,HSL,Helsingin seudun liikenne
hsl,34,#0074bf,#ffffff,,rectangle-rounded-corner,,HSL,Helsingin seudun liikenne
hsl,35,#0074bf,#ffffff,,rectangle-rounded-corner,,HSL,Helsingin seudun liikenne
hsl,36,#0074bf,#ffffff,,rectangle-rounded-corner,,HSL,Helsingin seudun liikenne
hsl,37,#0074bf,#ffffff,,rectangle-rounded-corner,,HSL,Helsingin seudun liikenne
hsl,40,#ca4000,#ffffff,,rectangle-rounded-corner,,HSL,Helsingin seudun liikenne
hsl,41,#0074bf,#ffffff,,rectangle-rounded-corner,,HSL,Helsingin seudun liikenne
hsl,41A,#0074bf,#ffffff,,rectangle-rounded-corner,,HSL,Helsingin seudun liikenne
hsl,42,#0074bf,#ffffff,,rectangle-rounded-corner,,HSL,Helsingin seudun liikenne
hsl,52,#0074bf,#ffffff,,rectangle-rounded-corner,,HSL,Helsingin seudun liikenne
hsl,53,#0074bf,#ffffff,,rectangle-rounded-corner,,HSL,Helsingin seudun liikenne
hsl,54,#0074bf,#ffffff,,rectangle-rounded-corner,,HSL,Helsingin seudun liikenne
hsl,55,#0074bf,#ffffff,,rectangle-rounded-corner,,HSL,Helsingin seudun liikenne
hsl,56,#0074bf,#ffffff,,rectangle-rounded-corner,,HSL,Helsingin seudun liikenne
hsl,57,#0074bf,#ffffff,,rectangle-rounded-corner,,HSL,Helsingin seudun liikenne
hsl,59,#0074bf,#ffffff,,rectangle-rounded-corner,,HSL,Helsingin seudun liikenne
hsl,61,#0074bf,#ffffff,,rectangle-rounded-corner,,HSL,Helsingin seudun liikenne
hsl,61N,#0074bf,#ffffff,,rectangle-rounded-corner,,HSL,Helsingin seudun liikenne
hsl,63,#0074bf,#ffffff,,rectangle-rounded-corner,,HSL,Helsingin seudun liikenne
hsl,64,#0074bf,#ffffff,,rectangle-rounded-corner,,HSL,Helsingin seudun liikenne
hsl,65,#0074bf,#ffffff,,rectangle-rounded-corner,,HSL,Helsingin seudun liikenne
hsl,66,#0074bf,#ffffff,,rectangle-rounded-corner,,HSL,Helsingin seudun liikenne
hsl,66K,#0074bf,#ffffff,,rectangle-rounded-corner,,HSL,Helsingin seudun liikenne
hsl,67,#0074bf,#ffffff,,rectangle-rounded-corner,,HSL,Helsingin seudun liikenne
hsl,67N,#0074bf,#ffffff,,rectangle-rounded-corner,,HSL,Helsingin seudun liikenne
hsl,69,#0074bf,#ffffff,,rectangle-rounded-corner,,HSL,Helsingin seudun liikenne
hsl,69N,#0074bf,#ffffff,,rectangle-rounded-corner,,HSL,Helsingin seudun liikenne
hsl,70,#0074bf,#ffffff,,rectangle-rounded-corner,,HSL,Helsingin seudun liikenne
hsl,71,#0074bf,#ffffff,,rectangle-rounded-corner,,HSL,Helsingin seudun liikenne
hsl,73,#0074bf,#ffffff,,rectangle-rounded-corner,,HSL,Helsingin seudun liikenne
hsl,73N,#0074bf,#ffffff,,rectangle-rounded-corner,,HSL,Helsingin seudun liikenne
hsl,74,#0074bf,#ffffff,,rectangle-rounded-corner,,HSL,Helsingin seudun liikenne
hsl,74B,#0074bf,#ffffff,,rectangle-rounded-corner,,HSL,Helsingin seudun liikenne
hsl,74N,#0074bf,#ffffff,,rectangle-rounded-corner,,HSL,Helsingin seudun liikenne
hsl,75,#0074bf,#ffffff,,rectangle-rounded-corner,,HSL,Helsingin seudun liikenne
hsl,77,#0074bf,#ffffff,,rectangle-rounded-corner,,HSL,Helsingin seudun liikenne
hsl,77N,#0074bf,#ffffff,,rectangle-rounded-corner,,HSL,Helsingin seudun liikenne
hsl,78,#0074bf,#ffffff,,rectangle-rounded-corner,,HSL,Helsingin seudun liikenne
hsl,78N,#0074bf,#ffffff,,rectangle-rounded-corner,,HSL,Helsingin seudun liikenne
hsl,79,#0074bf,#ffffff,,rectangle-rounded-corner,,HSL,Helsingin seudun liikenne
hsl,79B,#0074bf,#ffffff,,rectangle-rounded-corner,,HSL,Helsingin seudun liikenne
hsl,79N,#0074bf,#ffffff,,rectangle-rounded-corner,,HSL,Helsingin seudun liikenne
hsl,80,#0074bf,#ffffff,,rectangle-rounded-corner,,HSL,Helsingin seudun liikenne
hsl,81,#0074bf,#ffffff,,rectangle-rounded-corner,,HSL,Helsingin seudun liikenne
hsl,82,#0074bf,#ffffff,,rectangle-rounded-corner,,HSL,Helsingin seudun liikenne
hsl,82B,#0074bf,#ffffff,,rectangle-rounded-corner,,HSL,Helsingin seudun liikenne
hsl,83,#0074bf,#ffffff,,rectangle-rounded-corner,,HSL,Helsingin seudun liikenne
hsl,84,#0074bf,#ffffff,,rectangle-rounded-corner,,HSL,Helsingin seudun liikenne
hsl,85,#0074bf,#ffffff,,rectangle-rounded-corner,,HSL,Helsingin seudun liikenne
hsl,85K,#0074bf,#ffffff,,rectangle-rounded-corner,,HSL,Helsingin seudun liikenne
hsl,85N,#0074bf,#ffffff,,rectangle-rounded-corner,,HSL,Helsingin seudun liikenne
hsl,86,#0074bf,#ffffff,,rectangle-rounded-corner,,HSL,Helsingin seudun liikenne
hsl,86K,#0074bf,#ffffff,,rectangle-rounded-corner,,HSL,Helsingin seudun liikenne
hsl,86N,#0074bf,#ffffff,,rectangle-rounded-corner,,HSL,Helsingin seudun liikenne
hsl,87,#0074bf,#ffffff,,rectangle-rounded-corner,,HSL,Helsingin seudun liikenne
hsl,87N,#0074bf,#ffffff,,rectangle-rounded-corner,,HSL,Helsingin seudun liikenne
hsl,88,#0074bf,#ffffff,,rectangle-rounded-corner,,HSL,Helsingin seudun liikenne
hsl,89,#0074bf,#ffffff,,rectangle-rounded-corner,,HSL,Helsingin seudun liikenne
hsl,90,#0074bf,#ffffff,,rectangle-rounded-corner,,HSL,Helsingin seudun liikenne
hsl,90A,#0074bf,#ffffff,,rectangle-rounded-corner,,HSL,Helsingin seudun liikenne
hsl,90N,#0074bf,#ffffff,,rectangle-rounded-corner,,HSL,Helsingin seudun liikenne
hsl,92,#0074bf,#ffffff,,rectangle-rounded-corner,,HSL,Helsingin seudun liikenne
hsl,92N,#0074bf,#ffffff,,rectangle-rounded-corner,,HSL,Helsingin seudun liikenne
hsl,94,#0074bf,#ffffff,,rectangle-rounded-corner,,HSL,Helsingin seudun liikenne
hsl,94A,#0074bf,#ffffff,,rectangle-rounded-corner,,HSL,Helsingin seudun liikenne
hsl,94B,#0074bf,#ffffff,,rectangle-rounded-corner,,HSL,Helsingin seudun liikenne
hsl,94N,#0074bf,#ffffff,,rectangle-rounded-corner,,HSL,Helsingin seudun liikenne
hsl,95,#0074bf,#ffffff,,rectangle-rounded-corner,,HSL,Helsingin seudun liikenne
hsl,95N,#0074bf,#ffffff,,rectangle-rounded-corner,,HSL,Helsingin seudun liikenne
hsl,96,#0074bf,#ffffff,,rectangle-rounded-corner,,HSL,Helsingin seudun liikenne
hsl,96N,#0074bf,#ffffff,,rectangle-rounded-corner,,HSL,Helsingin seudun liikenne
hsl,97,#0074bf,#ffffff,,rectangle-rounded-corner,,HSL,Helsingin seudun liikenne
hsl,97N,#0074bf,#ffffff,,rectangle-rounded-corner,,HSL,Helsingin seudun liikenne
hsl,97V,#0074bf,#ffffff,,rectangle-rounded-corner,,HSL,Helsingin seudun liikenne
hsl,98,#0074bf,#ffffff,,rectangle-rounded-corner,,HSL,Helsingin seudun liikenne
hsl,102N,#0074bf,#ffffff,,rectangle-rounded-corner,,HSL,Helsingin seudun liikenne
hsl,105,#0074bf,#ffffff,,rectangle-rounded-corner,,HSL,Helsingin seudun liikenne
hsl,105B,#0074bf,#ffffff,,rectangle-rounded-corner,,HSL,Helsingin seudun liikenne
hsl,111,#0074bf,#ffffff,,rectangle-rounded-corner,,HSL,Helsingin seudun liikenne
hsl,112N,#0074bf,#ffffff,,rectangle-rounded-corner,,HSL,Helsingin seudun liikenne
hsl,113,#0074bf,#ffffff,,rectangle-rounded-corner,,HSL,Helsingin seudun liikenne
hsl,113N,#0074bf,#ffffff,,rectangle-rounded-corner,,HSL,Helsingin seudun liikenne
hsl,114,#0074bf,#ffffff,,rectangle-rounded-corner,,HSL,Helsingin seudun liikenne
hsl,114N,#0074bf,#ffffff,,rectangle-rounded-corner,,HSL,Helsingin seudun liikenne
hsl,116,#0074bf,#ffffff,,rectangle-rounded-corner,,HSL,Helsingin seudun liikenne
hsl,117,#0074bf,#ffffff,,rectangle-rounded-corner,,HSL,Helsingin seudun liikenne
hsl,118,#0074bf,#ffffff,,rectangle-rounded-corner,,HSL,Helsingin seudun liikenne
hsl,118N,#0074bf,#ffffff,,rectangle-rounded-corner,,HSL,Helsingin seudun liikenne
hsl,119,#0074bf,#ffffff,,rectangle-rounded-corner,,HSL,Helsingin seudun liikenne
hsl,121,#0074bf,#ffffff,,rectangle-rounded-corner,,HSL,Helsingin seudun liikenne
hsl,121A,#0074bf,#ffffff,,rectangle-rounded-corner,,HSL,Helsingin seudun liikenne
hsl,124,#0074bf,#ffffff,,rectangle-rounded-corner,,HSL,Helsingin seudun liikenne
hsl,125,#0074bf,#ffffff,,rectangle-rounded-corner,,HSL,Helsingin seudun liikenne
hsl,125N,#0074bf,#ffffff,,rectangle-rounded-corner,,HSL,Helsingin seudun liikenne
hsl,133,#0074bf,#ffffff,,rectangle-rounded-corner,,HSL,Helsingin seudun liikenne
hsl,137,#0074bf,#ffffff,,rectangle-rounded-corner,,HSL,Helsingin seudun liikenne
hsl,138,#0074bf,#ffffff,,rectangle-rounded-corner,,HSL,Helsingin seudun liikenne
hsl,147N,#0074bf,#ffffff,,rectangle-rounded-corner,,HSL,Helsingin seudun liikenne
hsl,148,#0074bf,#ffffff,,rectangle-rounded-corner,,HSL,Helsingin seudun liikenne
hsl,149,#0074bf,#ffffff,,rectangle-rounded-corner,,HSL,Helsingin seudun liikenne
hsl,158,#0074bf,#ffffff,,rectangle-rounded-corner,,HSL,Helsingin seudun liikenne
hsl,159,#0074bf,#ffffff,,rectangle-rounded-corner,,HSL,Helsingin seudun liikenne
hsl,162,#0074bf,#ffffff,,rectangle-rounded-corner,,HSL,Helsingin seudun liikenne
hsl,163,#0074bf,#ffffff,,rectangle-rounded-corner,,HSL,Helsingin seudun liikenne
hsl,163K,#0074bf,#ffffff,,rectangle-rounded-corner,,HSL,Helsingin seudun liikenne
hsl,164,#0074bf,#ffffff,,rectangle-rounded-corner,,HSL,Helsingin seudun liikenne
hsl,164K,#0074bf,#ffffff,,rectangle-rounded-corner,,HSL,Helsingin seudun liikenne
hsl,165,#0074bf,#ffffff,,rectangle-rounded-corner,,HSL,Helsingin seudun liikenne
hsl,165N,#0074bf,#ffffff,,rectangle-rounded-corner,,HSL,Helsingin seudun liikenne
hsl,166,#0074bf,#ffffff,,rectangle-rounded-corner,,HSL,Helsingin seudun liikenne
hsl,166K,#0074bf,#ffffff,,rectangle-rounded-corner,,HSL,Helsingin seudun liikenne
hsl,167,#0074bf,#ffffff,,rectangle-rounded-corner,,HSL,Helsingin seudun liikenne
hsl,168,#0074bf,#ffffff,,rectangle-rounded-corner,,HSL,Helsingin seudun liikenne
hsl,169,#0074bf,#ffffff,,rectangle-rounded-corner,,HSL,Helsingin seudun liikenne
hsl,171,#0074bf,#ffffff,,rectangle-rounded-corner,,HSL,Helsingin seudun liikenne
hsl,171B,#0074bf,#ffffff,,rectangle-rounded-corner,,HSL,Helsingin seudun liikenne
hsl,171Z,#0074bf,#ffffff,,rectangle-rounded-corner,,HSL,Helsingin seudun liikenne
hsl,172,#0074bf,#ffffff,,rectangle-rounded-corner,,HSL,Helsingin seudun liikenne
hsl,173,#0074bf,#ffffff,,rectangle-rounded-corner,,HSL,Helsingin seudun liikenne
hsl,173N,#0074bf,#ffffff,,rectangle-rounded-corner,,HSL,Helsingin seudun liikenne
hsl,173X,#0074bf,#ffffff,,rectangle-rounded-corner,,HSL,Helsingin seudun liikenne
hsl,173Z,#0074bf,#ffffff,,rectangle-rounded-corner,,HSL,Helsingin seudun liikenne
hsl,174Z,#0074bf,#ffffff,,rectangle-rounded-corner,,HSL,Helsingin seudun liikenne
hsl,175,#0074bf,#ffffff,,rectangle-rounded-corner,,HSL,Helsingin seudun liikenne
hsl,175K,#0074bf,#ffffff,,rectangle-rounded-corner,,HSL,Helsingin seudun liikenne
hsl,175V,#0074bf,#ffffff,,rectangle-rounded-corner,,HSL,Helsingin seudun liikenne
hsl,181,#0074bf,#ffffff,,rectangle-rounded-corner,,HSL,Helsingin seudun liikenne
hsl,182,#0074bf,#ffffff,,rectangle-rounded-corner,,HSL,Helsingin seudun liikenne
hsl,182A,#0074bf,#ffffff,,rectangle-rounded-corner,,HSL,Helsingin seudun liikenne
hsl,182K,#0074bf,#ffffff,,rectangle-rounded-corner,,HSL,Helsingin seudun liikenne
hsl,183,#0074bf,#ffffff,,rectangle-rounded-corner,,HSL,Helsingin seudun liikenne
hsl,184,#0074bf,#ffffff,,rectangle-rounded-corner,,HSL,Helsingin seudun liikenne
hsl,200,#ca4000,#ffffff,,rectangle-rounded-corner,,HSL,Helsingin seudun liikenne
hsl,201,#0074bf,#ffffff,,rectangle-rounded-corner,,HSL,Helsingin seudun liikenne
hsl,201B,#0074bf,#ffffff,,rectangle-rounded-corner,,HSL,Helsingin seudun liikenne
hsl,202,#0074bf,#ffffff,,rectangle-rounded-corner,,HSL,Helsingin seudun liikenne
hsl,202N,#0074bf,#ffffff,,rectangle-rounded-corner,,HSL,Helsingin seudun liikenne
hsl,203,#0074bf,#ffffff,,rectangle-rounded-corner,,HSL,Helsingin seudun liikenne
hsl,207,#0074bf,#ffffff,,rectangle-rounded-corner,,HSL,Helsingin seudun liikenne
hsl,211E,#0074bf,#ffffff,,rectangle-rounded-corner,,HSL,Helsingin seudun liikenne
hsl,211U,#0074bf,#ffffff,,rectangle-rounded-corner,,HSL,Helsingin seudun liikenne
hsl,212,#0074bf,#ffffff,,rectangle-rounded-corner,,HSL,Helsingin seudun liikenne
hsl,213,#0074bf,#ffffff,,rectangle-rounded-corner,,HSL,Helsingin seudun liikenne
hsl,213N,#0074bf,#ffffff,,rectangle-rounded-corner,,HSL,Helsingin seudun liikenne
hsl,213X,#0074bf,#ffffff,,rectangle-rounded-corner,,HSL,Helsingin seudun liikenne
hsl,214,#0074bf,#ffffff,,rectangle-rounded-corner,,HSL,Helsingin seudun liikenne
hsl,214A,#0074bf,#ffffff,,rectangle-rounded-corner,,HSL,Helsingin seudun liikenne
hsl,215,#0074bf,#ffffff,,rectangle-rounded-corner,,HSL,Helsingin seudun liikenne
hsl,224,#0074bf,#ffffff,,rectangle-rounded-corner,,HSL,Helsingin seudun liikenne
hsl,224B,#0074bf,#ffffff,,rectangle-rounded-corner,,HSL,Helsingin seudun liikenne
hsl,224K,#0074bf,#ffffff,,rectangle-rounded-corner,,HSL,Helsingin seudun liikenne
hsl,224X,#0074bf,#ffffff,,rectangle-rounded-corner,,HSL,Helsingin seudun liikenne
hsl,227,#0074bf,#ffffff,,rectangle-rounded-corner,,HSL,Helsingin seudun liikenne
hsl,227K,#0074bf,#ffffff,,rectangle-rounded-corner,,HSL,Helsingin seudun liikenne
hsl,227N,#0074bf,#ffffff,,rectangle-rounded-corner,,HSL,Helsingin seudun liikenne
hsl,229,#0074bf,#ffffff,,rectangle-rounded-corner,,HSL,Helsingin seudun liikenne
hsl,231N,#0074bf,#ffffff,,rectangle-rounded-corner,,HSL,Helsingin seudun liikenne
hsl,232,#0074bf,#ffffff,,rectangle-rounded-corner,,HSL,Helsingin seudun liikenne
hsl,235N,#0074bf,#ffffff,,rectangle-rounded-corner,,HSL,Helsingin seudun liikenne
hsl,236,#0074bf,#ffffff,,rectangle-rounded-corner,,HSL,Helsingin seudun liikenne
hsl,237,#0074bf,#ffffff,,rectangle-rounded-corner,,HSL,Helsingin seudun liikenne
hsl,237V,#0074bf,#ffffff,,rectangle-rounded-corner,,HSL,Helsingin seudun liikenne
hsl,239,#0074bf,#ffffff,,rectangle-rounded-corner,,HSL,Helsingin seudun liikenne
hsl,239V,#0074bf,#ffffff,,rectangle-rounded-corner,,HSL,Helsingin seudun liikenne
hsl,241,#0074bf,#ffffff,,rectangle-rounded-corner,,HSL,Helsingin seudun liikenne
hsl,241V,#0074bf,#ffffff,,rectangle-rounded-corner,,HSL,Helsingin seudun liikenne
hsl,242,#0074bf,#ffffff,,rectangle-rounded-corner,,HSL,Helsingin seudun liikenne
hsl,243,#0074bf,#ffffff,,rectangle-rounded-corner,,HSL,Helsingin seudun liikenne
hsl,243V,#0074bf,#ffffff,,rectangle-rounded-corner,,HSL,Helsingin seudun liikenne
hsl,244,#0074bf,#ffffff,,rectangle-rounded-corner,,HSL,Helsingin seudun liikenne
hsl,245,#0074bf,#ffffff,,rectangle-rounded-corner,,HSL,Helsingin seudun liikenne
hsl,245A,#0074bf,#ffffff,,rectangle-rounded-corner,,HSL,Helsingin seudun liikenne
hsl,246,#0074bf,#ffffff,,rectangle-rounded-corner,,HSL,Helsingin seudun liikenne
hsl,246K,#0074bf,#ffffff,,rectangle-rounded-corner,,HSL,Helsingin seudun liikenne
hsl,246KT,#0074bf,#ffffff,,rectangle-rounded-corner,,HSL,Helsingin seudun liikenne
hsl,246T,#0074bf,#ffffff,,rectangle-rounded-corner,,HSL,Helsingin seudun liikenne
hsl,247,#0074bf,#ffffff,,rectangle-rounded-corner,,HSL,Helsingin seudun liikenne
hsl,247B,#0074bf,#ffffff,,rectangle-rounded-corner,,HSL,Helsingin seudun liikenne
hsl,248X,#0074bf,#ffffff,,rectangle-rounded-corner,,HSL,Helsingin seudun liikenne
hsl,249Y,#0074bf,#ffffff,,rectangle-rounded-corner,,HSL,Helsingin seudun liikenne
hsl,300,#ca4000,#ffffff,,rectangle-rounded-corner,,HSL,Helsingin seudun liikenne
hsl,311,#0074bf,#ffffff,,rectangle-rounded-corner,,HSL,Helsingin seudun liikenne
hsl,313,#0074bf,#ffffff,,rectangle-rounded-corner,,HSL,Helsingin seudun liikenne
hsl,321,#0074bf,#ffffff,,rectangle-rounded-corner,,HSL,Helsingin seudun liikenne
hsl,335,#0074bf,#ffffff,,rectangle-rounded-corner,,HSL,Helsingin seudun liikenne
hsl,335B,#0074bf,#ffffff,,rectangle-rounded-corner,,HSL,Helsingin seudun liikenne
hsl,345,#0074bf,#ffffff,,rectangle-rounded-corner,,HSL,Helsingin seudun liikenne
hsl,345K,#0074bf,#ffffff,,rectangle-rounded-corner,,HSL,Helsingin seudun liikenne
hsl,345N,#0074bf,#ffffff,,rectangle-rounded-corner,,HSL,Helsingin seudun liikenne
hsl,349,#0074bf,#ffffff,,rectangle-rounded-corner,,HSL,Helsingin seudun liikenne
hsl,349B,#0074bf,#ffffff,,rectangle-rounded-corner,,HSL,Helsingin seudun liikenne
hsl,349BK,#0074bf,#ffffff,,rectangle-rounded-corner,,HSL,Helsingin seudun liikenne
hsl,400,#ca4000,#ffffff,,rectangle-rounded-corner,,HSL,Helsingin seudun liikenne
hsl,413,#0074bf,#ffffff,,rectangle-rounded-corner,,HSL,Helsingin seudun liikenne
hsl,415N,#0074bf,#ffffff,,rectangle-rounded-corner,,HSL,Helsingin seudun liikenne
hsl,431,#0074bf,#ffffff,,rectangle-rounded-corner,,HSL,Helsingin seudun liikenne
hsl,431B,#0074bf,#ffffff,,rectangle-rounded-corner,,HSL,Helsingin seudun liikenne
hsl,431N,#0074bf,#ffffff,,rectangle-rounded-corner,,HSL,Helsingin seudun liikenne
hsl,433,#0074bf,#ffffff,,rectangle-rounded-corner,,HSL,Helsingin seudun liikenne
hsl,434,#0074bf,#ffffff,,rectangle-rounded-corner,,HSL,Helsingin seudun liikenne
hsl,436N,#0074bf,#ffffff,,rectangle-rounded-corner,,HSL,Helsingin seudun liikenne
hsl,443,#0074bf,#ffffff,,rectangle-rounded-corner,,HSL,Helsingin seudun liikenne
hsl,443K,#0074bf,#ffffff,,rectangle-rounded-corner,,HSL,Helsingin seudun liikenne
hsl,444,#0074bf,#ffffff,,rectangle-rounded-corner,,HSL,Helsingin seudun liikenne
hsl,444T,#0074bf,#ffffff,,rectangle-rounded-corner,,HSL,Helsingin seudun liikenne
hsl,445,#0074bf,#ffffff,,rectangle-rounded-corner,,HSL,Helsingin seudun liikenne
hsl,446,#0074bf,#ffffff,,rectangle-rounded-corner,,HSL,Helsingin seudun liikenne
hsl,447,#0074bf,#ffffff,,rectangle-rounded-corner,,HSL,Helsingin seudun liikenne
hsl,499X,#0074bf,#ffffff,,rectangle-rounded-corner,,HSL,Helsingin seudun liikenne
hsl,500,#ca4000,#ffffff,,rectangle-rounded-corner,,HSL,Helsingin seudun liikenne
hsl,502,#0074bf,#ffffff,,rectangle-rounded-corner,,HSL,Helsingin seudun liikenne
hsl,506,#0074bf,#ffffff,,rectangle-rounded-corner,,HSL,Helsingin seudun liikenne
hsl,510,#ca4000,#ffffff,,rectangle-rounded-corner,,HSL,Helsingin seudun liikenne
hsl,518,#0074bf,#ffffff,,rectangle-rounded-corner,,HSL,Helsingin seudun liikenne
hsl,520,#ca4000,#ffffff,,rectangle-rounded-corner,,HSL,Helsingin seudun liikenne
hsl,521,#0074bf,#ffffff,,rectangle-rounded-corner,,HSL,Helsingin seudun liikenne
hsl,521K,#0074bf,#ffffff,,rectangle-rounded-corner,,HSL,Helsingin seudun liikenne
hsl,522,#0074bf,#ffffff,,rectangle-rounded-corner,,HSL,Helsingin seudun liikenne
hsl,522B,#0074bf,#ffffff,,rectangle-rounded-corner,,HSL,Helsingin seudun liikenne
hsl,530,#ca4000,#ffffff,,rectangle-rounded-corner,,HSL,Helsingin seudun liikenne
hsl,531,#0074bf,#ffffff,,rectangle-rounded-corner,,HSL,Helsingin seudun liikenne
hsl,533,#0074bf,#ffffff,,rectangle-rounded-corner,,HSL,Helsingin seudun liikenne
hsl,542,#0074bf,#ffffff,,rectangle-rounded-corner,,HSL,Helsingin seudun liikenne
hsl,544,#0074bf,#ffffff,,rectangle-rounded-corner,,HSL,Helsingin seudun liikenne
hsl,548,#0074bf,#ffffff,,rectangle-rounded-corner,,HSL,Helsingin seudun liikenne
hsl,549,#0074bf,#ffffff,,rectangle-rounded-corner,,HSL,Helsingin seudun liikenne
hsl,553,#0074bf,#ffffff,,rectangle-rounded-corner,,HSL,Helsingin seudun liikenne
hsl,554,#0074bf,#ffffff,,rectangle-rounded-corner,,HSL,Helsingin seudun liikenne
hsl,560,#ca4000,#ffffff,,rectangle-rounded-corner,,HSL,Helsingin seudun liikenne
hsl,561,#0074bf,#ffffff,,rectangle-rounded-corner,,HSL,Helsingin seudun liikenne
hsl,562,#0074bf,#ffffff,,rectangle-rounded-corner,,HSL,Helsingin seudun liikenne
hsl,566,#0074bf,#ffffff,,rectangle-rounded-corner,,HSL,Helsingin seudun liikenne
hsl,570,#ca4000,#ffffff,,rectangle-rounded-corner,,HSL,Helsingin seudun liikenne
hsl,570N,#ca4000,#ffffff,,rectangle-rounded-corner,,HSL,Helsingin seudun liikenne
hsl,571,#0074bf,#ffffff,,rectangle-rounded-corner,,HSL,Helsingin seudun liikenne
hsl,572,#0074bf,#ffffff,,rectangle-rounded-corner,,HSL,Helsingin seudun liikenne
hsl,574,#0074bf,#ffffff,,rectangle-rounded-corner,,HSL,Helsingin seudun liikenne
hsl,576,#0074bf,#ffffff,,rectangle-rounded-corner,,HSL,Helsingin seudun liikenne
hsl,582,#0074bf,#ffffff,,rectangle-rounded-corner,,HSL,Helsingin seudun liikenne
hsl,582V,#0074bf,#ffffff,,rectangle-rounded-corner,,HSL,Helsingin seudun liikenne
hsl,583,#0074bf,#ffffff,,rectangle-rounded-corner,,HSL,Helsingin seudun liikenne
hsl,583K,#0074bf,#ffffff,,rectangle-rounded-corner,,HSL,Helsingin seudun liikenne
hsl,584,#0074bf,#ffffff,,rectangle-rounded-corner,,HSL,Helsingin seudun liikenne
hsl,584T,#0074bf,#ffffff,,rectangle-rounded-corner,,HSL,Helsingin seudun liikenne
hsl,587,#0074bf,#ffffff,,rectangle-rounded-corner,,HSL,Helsingin seudun liikenne
hsl,587BK,#0074bf,#ffffff,,rectangle-rounded-corner,,HSL,Helsingin seudun liikenne
hsl,588,#0074bf,#ffffff,,rectangle-rounded-corner,,HSL,Helsingin seudun liikenne
hsl,588B,#0074bf,#ffffff,,rectangle-rounded-corner,,HSL,Helsingin seudun liikenne
hsl,600,#ca4000,#ffffff,,rectangle-rounded-corner,,HSL,Helsingin seudun liikenne
hsl,611,#0074bf,#ffffff,,rectangle-rounded-corner,,HSL,Helsingin seudun liikenne
hsl,614,#0074bf,#ffffff,,rectangle-rounded-corner,,HSL,Helsingin seudun liikenne
hsl,614K,#0074bf,#ffffff,,rectangle-rounded-corner,,HSL,Helsingin seudun liikenne
hsl,617,#0074bf,#ffffff,,rectangle-rounded-corner,,HSL,Helsingin seudun liikenne
hsl,619,#0074bf,#ffffff,,rectangle-rounded-corner,,HSL,Helsingin seudun liikenne
hsl,623,#0074bf,#ffffff,,rectangle-rounded-corner,,HSL,Helsingin seudun liikenne
hsl,624,#0074bf,#ffffff,,rectangle-rounded-corner,,HSL,Helsingin seudun liikenne
hsl,624N,#0074bf,#ffffff,,rectangle-rounded-corner,,HSL,Helsingin seudun liikenne
hsl,625,#0074bf,#ffffff,,rectangle-rounded-corner,,HSL,Helsingin seudun liikenne
hsl,631,#0074bf,#ffffff,,rectangle-rounded-corner,,HSL,Helsingin seudun liikenne
hsl,633,#0074bf,#ffffff,,rectangle-rounded-corner,,HSL,Helsingin seudun liikenne
hsl,633N,#0074bf,#ffffff,,rectangle-rounded-corner,,HSL,Helsingin seudun liikenne
hsl,641,#0074bf,#ffffff,,rectangle-rounded-corner,,HSL,Helsingin seudun liikenne
hsl,642,#0074bf,#ffffff,,rectangle-rounded-corner,,HSL,Helsingin seudun liikenne
hsl,642K,#0074bf,#ffffff,,rectangle-rounded-corner,,HSL,Helsingin seudun liikenne
hsl,643,#0074bf,#ffffff,,rectangle-rounded-corner,,HSL,Helsingin seudun liikenne
hsl,643K,#0074bf,#ffffff,,rectangle-rounded-corner,,HSL,Helsingin seudun liikenne
hsl,643N,#0074bf,#ffffff,,rectangle-rounded-corner,,HSL,Helsingin seudun liikenne
hsl,665,#0074bf,#ffffff,,rectangle-rounded-corner,,HSL,Helsingin seudun liikenne
hsl,665A,#0074bf,#ffffff,,rectangle-rounded-corner,,HSL,Helsingin seudun liikenne
hsl,665K,#0074bf,#ffffff,,rectangle-rounded-corner,,HSL,Helsingin seudun liikenne
hsl,665N,#0074bf,#ffffff,,rectangle-rounded-corner,,HSL,Helsingin seudun liikenne
hsl,699X,#0074bf,#ffffff,,rectangle-rounded-corner,,HSL,Helsingin seudun liikenne
hsl,701,#0074bf,#ffffff,,rectangle-rounded-corner,,HSL,Helsingin seudun liikenne
hsl,702,#0074bf,#ffffff,,rectangle-rounded-corner,,HSL,Helsingin seudun liikenne
hsl,711,#0074bf,#ffffff,,rectangle-rounded-corner,,HSL,Helsingin seudun liikenne
hsl,711K,#0074bf,#ffffff,,rectangle-rounded-corner,,HSL,Helsingin seudun liikenne
hsl,712,#0074bf,#ffffff,,rectangle-rounded-corner,,HSL,Helsingin seudun liikenne
hsl,713,#0074bf,#ffffff,,rectangle-rounded-corner,,HSL,Helsingin seudun liikenne
hsl,713B,#0074bf,#ffffff,,rectangle-rounded-corner,,HSL,Helsingin seudun liikenne
hsl,717,#0074bf,#ffffff,,rectangle-rounded-corner,,HSL,Helsingin seudun liikenne
hsl,717K,#0074bf,#ffffff,,rectangle-rounded-corner,,HSL,Helsingin seudun liikenne
hsl,717N,#0074bf,#ffffff,,rectangle-rounded-corner,,HSL,Helsingin seudun liikenne
hsl,718,#0074bf,#ffffff,,rectangle-rounded-corner,,HSL,Helsingin seudun liikenne
hsl,718A,#0074bf,#ffffff,,rectangle-rounded-corner,,HSL,Helsingin seudun liikenne
hsl,719,#0074bf,#ffffff,,rectangle-rounded-corner,,HSL,Helsingin seudun liikenne
hsl,719B,#0074bf,#ffffff,,rectangle-rounded-corner,,HSL,Helsingin seudun liikenne
hsl,719K,#0074bf,#ffffff,,rectangle-rounded-corner,,HSL,Helsingin seudun liikenne
hsl,721,#0074bf,#ffffff,,rectangle-rounded-corner,,HSL,Helsingin seudun liikenne
hsl,721N,#0074bf,#ffffff,,rectangle-rounded-corner,,HSL,Helsingin seudun liikenne
hsl,723,#0074bf,#ffffff,,rectangle-rounded-corner,,HSL,Helsingin seudun liikenne
hsl,724,#0074bf,#ffffff,,rectangle-rounded-corner,,HSL,Helsingin seudun liikenne
hsl,731,#0074bf,#ffffff,,rectangle-rounded-corner,,HSL,Helsingin seudun liikenne
hsl,731N,#0074bf,#ffffff,,rectangle-rounded-corner,,HSL,Helsingin seudun liikenne
hsl,734,#0074bf,#ffffff,,rectangle-rounded-corner,,HSL,Helsingin seudun liikenne
hsl,735,#0074bf,#ffffff,,rectangle-rounded-corner,,HSL,Helsingin seudun liikenne
hsl,736,#0074bf,#ffffff,,rectangle-rounded-corner,,HSL,Helsingin seudun liikenne
hsl,736B,#0074bf,#ffffff,,rectangle-rounded-corner,,HSL,Helsingin seudun liikenne
hsl,737,#0074bf,#ffffff,,rectangle-rounded-corner,,HSL,Helsingin seudun liikenne
hsl,737K,#0074bf,#ffffff,,rectangle-rounded-corner,,HSL,Helsingin seudun liikenne
hsl,738,#0074bf,#ffffff,,rectangle-rounded-corner,,HSL,Helsingin seudun liikenne
hsl,739,#0074bf,#ffffff,,rectangle-rounded-corner,,HSL,Helsingin seudun liikenne
hsl,785,#0074bf,#ffffff,,rectangle-rounded-corner,,HSL,Helsingin seudun liikenne
hsl,785K,#0074bf,#ffffff,,rectangle-rounded-corner,,HSL,Helsingin seudun liikenne
hsl,787,#0074bf,#ffffff,,rectangle-rounded-corner,,HSL,Helsingin seudun liikenne
hsl,787A,#0074bf,#ffffff,,rectangle-rounded-corner,,HSL,Helsingin seudun liikenne
hsl,787B,#0074bf,#ffffff,,rectangle-rounded-corner,,HSL,Helsingin seudun liikenne
hsl,787K,#0074bf,#ffffff,,rectangle-rounded-corner,,HSL,Helsingin seudun liikenne
hsl,788,#0074bf,#ffffff,,rectangle-rounded-corner,,HSL,Helsingin seudun liikenne
hsl,788B,#0074bf,#ffffff,,rectangle-rounded-corner,,HSL,Helsingin seudun liikenne
hsl,788K,#0074bf,#ffffff,,rectangle-rounded-corner,,HSL,Helsingin seudun liikenne
hsl,805,#0074bf,#ffffff,,rectangle-rounded-corner,,HSL,Helsingin seudun liikenne
hsl,812,#0074bf,#ffffff,,rectangle-rounded-corner,,HSL,Helsingin seudun liikenne
hsl,813,#0074bf,#ffffff,,rectangle-rounded-corner,,HSL,Helsingin seudun liikenne
hsl,814,#0074bf,#ffffff,,rectangle-rounded-corner,,HSL,Helsingin seudun liikenne
hsl,815,#0074bf,#ffffff,,rectangle-rounded-corner,,HSL,Helsingin seudun liikenne
hsl,816,#0074bf,#ffffff,,rectangle-rounded-corner,,HSL,Helsingin seudun liikenne
hsl,817,#0074bf,#ffffff,,rectangle-rounded-corner,,HSL,Helsingin seudun liikenne
hsl,818,#0074bf,#ffffff,,rectangle-rounded-corner,,HSL,Helsingin seudun liikenne
hsl,831,#0074bf,#ffffff,,rectangle-rounded-corner,,HSL,Helsingin seudun liikenne
hsl,831K,#0074bf,#ffffff,,rectangle-rounded-corner,,HSL,Helsingin seudun liikenne
hsl,839,#0074bf,#ffffff,,rectangle-rounded-corner,,HSL,Helsingin seudun liikenne
hsl,839K,#0074bf,#ffffff,,rectangle-rounded-corner,,HSL,Helsingin seudun liikenne
hsl,841,#0074bf,#ffffff,,rectangle-rounded-corner,,HSL,Helsingin seudun liikenne
hsl,841B,#0074bf,#ffffff,,rectangle-rounded-corner,,HSL,Helsingin seudun liikenne
hsl,841N,#0074bf,#ffffff,,rectangle-rounded-corner,,HSL,Helsingin seudun liikenne
hsl,842,#0074bf,#ffffff,,rectangle-rounded-corner,,HSL,Helsingin seudun liikenne
hsl,843,#0074bf,#ffffff,,rectangle-rounded-corner,,HSL,Helsingin seudun liikenne
hsl,844,#0074bf,#ffffff,,rectangle-rounded-corner,,HSL,Helsingin seudun liikenne
hsl,901,#0074bf,#ffffff,,rectangle-rounded-corner,,HSL,Helsingin seudun liikenne
hsl,901B,#0074bf,#ffffff,,rectangle-rounded-corner,,HSL,Helsingin seudun liikenne
hsl,901K,#0074bf,#ffffff,,rectangle-rounded-corner,,HSL,Helsingin seudun liikenne
hsl,902,#0074bf,#ffffff,,rectangle-rounded-corner,,HSL,Helsingin seudun liikenne
hsl,902K,#0074bf,#ffffff,,rectangle-rounded-corner,,HSL,Helsingin seudun liikenne
hsl,903,#0074bf,#ffffff,,rectangle-rounded-corner,,HSL,Helsingin seudun liikenne
hsl,903K,#0074bf,#ffffff,,rectangle-rounded-corner,,HSL,Helsingin seudun liikenne
hsl,904,#0074bf,#ffffff,,rectangle-rounded-corner,,HSL,Helsingin seudun liikenne
hsl,904K,#0074bf,#ffffff,,rectangle-rounded-corner,,HSL,Helsingin seudun liikenne
hsl,905,#0074bf,#ffffff,,rectangle-rounded-corner,,HSL,Helsingin seudun liikenne
hsl,906,#0074bf,#ffffff,,rectangle-rounded-corner,,HSL,Helsingin seudun liikenne
hsl,907,#0074bf,#ffffff,,rectangle-rounded-corner,,HSL,Helsingin seudun liikenne
hsl,908,#0074bf,#ffffff,,rectangle-rounded-corner,,HSL,Helsingin seudun liikenne
hsl,908K,#0074bf,#ffffff,,rectangle-rounded-corner,,HSL,Helsingin seudun liikenne
hsl,909,#0074bf,#ffffff,,rectangle-rounded-corner,,HSL,Helsingin seudun liikenne
hsl,909K,#0074bf,#ffffff,,rectangle-rounded-corner,,HSL,Helsingin seudun liikenne
hsl,911,#0074bf,#ffffff,,rectangle-rounded-corner,,HSL,Helsingin seudun liikenne
hsl,912,#0074bf,#ffffff,,rectangle-rounded-corner,,HSL,Helsingin seudun liikenne
hsl,912K,#0074bf,#ffffff,,rectangle-rounded-corner,,HSL,Helsingin seudun liikenne
hsl,913A,#0074bf,#ffffff,,rectangle-rounded-corner,,HSL,Helsingin seudun liikenne
hsl,913B,#0074bf,#ffffff,,rectangle-rounded-corner,,HSL,Helsingin seudun liikenne
hsl,914,#0074bf,#ffffff,,rectangle-rounded-corner,,HSL,Helsingin seudun liikenne
hsl,914B,#0074bf,#ffffff,,rectangle-rounded-corner,,HSL,Helsingin seudun liikenne
hsl,914T,#0074bf,#ffffff,,rectangle-rounded-corner,,HSL,Helsingin seudun liikenne
hsl,915A,#0074bf,#ffffff,,rectangle-rounded-corner,,HSL,Helsingin seudun liikenne
hsl,915B,#0074bf,#ffffff,,rectangle-rounded-corner,,HSL,Helsingin seudun liikenne
hsl,915T,#0074bf,#ffffff,,rectangle-rounded-corner,,HSL,Helsingin seudun liikenne
hsl,916,#0074bf,#ffffff,,rectangle-rounded-corner,,HSL,Helsingin seudun liikenne
hsl,916K,#0074bf,#ffffff,,rectangle-rounded-corner,,HSL,Helsingin seudun liikenne
hsl,917,#0074bf,#ffffff,,rectangle-rounded-corner,,HSL,Helsingin seudun liikenne
hsl,961,#0074bf,#ffffff,,rectangle-rounded-corner,,HSL,Helsingin seudun liikenne
hsl,961B,#0074bf,#ffffff,,rectangle-rounded-corner,,HSL,Helsingin seudun liikenne
hsl,962,#0074bf,#ffffff,,rectangle-rounded-corner,,HSL,Helsingin seudun liikenne
hsl,963,#0074bf,#ffffff,,rectangle-rounded-corner,,HSL,Helsingin seudun liikenne
hsl,963B,#0074bf,#ffffff,,rectangle-rounded-corner,,HSL,Helsingin seudun liikenne
hsl,964,#0074bf,#ffffff,,rectangle-rounded-corner,,HSL,Helsingin seudun liikenne
hsl,964K,#0074bf,#ffffff,,rectangle-rounded-corner,,HSL,Helsingin seudun liikenne
hsl,965,#0074bf,#ffffff,,rectangle-rounded-corner,,HSL,Helsingin seudun liikenne
hsl,966,#0074bf,#ffffff,,rectangle-rounded-corner,,HSL,Helsingin seudun liikenne
hsl,967,#0074bf,#ffffff,,rectangle-rounded-corner,,HSL,Helsingin seudun liikenne
hsl,967K,#0074bf,#ffffff,,rectangle-rounded-corner,,HSL,Helsingin seudun liikenne
hsl,968,#0074bf,#ffffff,,rectangle-rounded-corner,,HSL,Helsingin seudun liikenne
hsl,969X,#0074bf,#ffffff,,rectangle-rounded-corner,,HSL,Helsingin seudun liikenne
hsl,971,#0074bf,#ffffff,,rectangle-rounded-corner,,HSL,Helsingin seudun liikenne
hsl,971B,#0074bf,#ffffff,,rectangle-rounded-corner,,HSL,Helsingin seudun liikenne
hsl,972,#0074bf,#ffffff,,rectangle-rounded-corner,,HSL,Helsingin seudun liikenne
hsl,973,#0074bf,#ffffff,,rectangle-rounded-corner,,HSL,Helsingin seudun liikenne
hsl,975,#0074bf,#ffffff,,rectangle-rounded-corner,,HSL,Helsingin seudun liikenne
hsl,975N,#0074bf,#ffffff,,rectangle-rounded-corner,,HSL,Helsingin seudun liikenne
hsl,976,#0074bf,#ffffff,,rectangle-rounded-corner,,HSL,Helsingin seudun liikenne
hsl,977,#0074bf,#ffffff,,rectangle-rounded-corner,,HSL,Helsingin seudun liikenne
hsl,977V,#0074bf,#ffffff,,rectangle-rounded-corner,,HSL,Helsingin seudun liikenne
hsl,978,#0074bf,#ffffff,,rectangle-rounded-corner,,HSL,Helsingin seudun liikenne
hsl,978K,#0074bf,#ffffff,,rectangle-rounded-corner,,HSL,Helsingin seudun liikenne
hsl,982,#0074bf,#ffffff,,rectangle-rounded-corner,,HSL,Helsingin seudun liikenne
hsl,984,#0074bf,#ffffff,,rectangle-rounded-corner,,HSL,Helsingin seudun liikenne
hsl,984K,#0074bf,#ffffff,,rectangle-rounded-corner,,HSL,Helsingin seudun liikenne
hsl,985,#0074bf,#ffffff,,rectangle-rounded-corner,,HSL,Helsingin seudun liikenne
hsl,986,#0074bf,#ffffff,,rectangle-rounded-corner,,HSL,Helsingin seudun liikenne
hsl,986B,#0074bf,#ffffff,,rectangle-rounded-corner,,HSL,Helsingin seudun liikenne
hsl,987,#0074bf,#ffffff,,rectangle-rounded-corner,,HSL,Helsingin seudun liikenne
hsl,987A,#0074bf,#ffffff,,rectangle-rounded-corner,,HSL,Helsingin seudun liikenne
hsl,987B,#0074bf,#ffffff,,rectangle-rounded-corner,,HSL,Helsingin seudun liikenne
hsl,987T,#0074bf,#ffffff,,rectangle-rounded-corner,,HSL,Helsingin seudun liikenne
hsl,989,#0074bf,#ffffff,,rectangle-rounded-corner,,HSL,Helsingin seudun liikenne
hsl,989A,#0074bf,#ffffff,,rectangle-rounded-corner,,HSL,Helsingin seudun liikenne
hsl,989B,#0074bf,#ffffff,,rectangle-rounded-corner,,HSL,Helsingin seudun liikenne
hsl,989V,#0074bf,#ffffff,,rectangle-rounded-corner,,HSL,Helsingin seudun liikenne
hsl,992,#0074bf,#ffffff,,rectangle-rounded-corner,,HSL,Helsingin seudun liikenne
hsl,993,#0074bf,#ffffff,,rectangle-rounded-corner,,HSL,Helsingin seudun liikenne
hsl,993K,#0074bf,#ffffff,,rectangle-rounded-corner,,HSL,Helsingin seudun liikenne
hsl,994,#0074bf,#ffffff,,rectangle-rounded-corner,,HSL,Helsingin seudun liikenne
hsl,994K,#0074bf,#ffffff,,rectangle-rounded-corner,,HSL,Helsingin seudun liikenne
hsl,995,#0074bf,#ffffff,,rectangle-rounded-corner,,HSL,Helsingin seudun liikenne
hsl,996,#0074bf,#ffffff,,rectangle-rounded-corner,,HSL,Helsingin seudun liikenne
hsl,A,#8c4799,#ffffff,,rectangle-rounded-corner,,HSL,Helsingin seudun liikenne
hsl,D,#8c4799,#ffffff,,rectangle-rounded-corner,,HSL,Helsingin seudun liikenne
hsl,E,#8c4799,#ffffff,,rectangle-rounded-corner,,HSL,Helsingin seudun liikenne
hsl,H,#008151,#ffffff,,rectangle-rounded-corner,,HSL,Helsingin seudun liikenne
hsl,H,#8c4799,#ffffff,,rectangle-rounded-corner,,HSL,Helsingin seudun liikenne
hsl,I,#8c4799,#ffffff,,rectangle-rounded-corner,,HSL,Helsingin seudun liikenne
hsl,K,#8c4799,#ffffff,,rectangle-rounded-corner,,HSL,Helsingin seudun liikenne
hsl,L,#8c4799,#ffffff,,rectangle-rounded-corner,,HSL,Helsingin seudun liikenne
hsl,M1,#ca4000,#ffffff,,rectangle-rounded-corner,Q56399711,HSL,Helsingin seudun liikenne
hsl,M1B,#ca4000,#ffffff,,rectangle-rounded-corner,,HSL,Helsingin seudun liikenne
hsl,M2,#ca4000,#ffffff,,rectangle-rounded-corner,Q56399732,HSL,Helsingin seudun liikenne
hsl,M2B,#ca4000,#ffffff,,rectangle-rounded-corner,,HSL,Helsingin seudun liikenne
hsl,P,#8c4799,#ffffff,,rectangle-rounded-corner,,HSL,Helsingin seudun liikenne
hsl,R,#8c4799,#ffffff,,rectangle-rounded-corner,,HSL,Helsingin seudun liikenne
hsl,T,#8c4799,#ffffff,,rectangle-rounded-corner,,HSL,Helsingin seudun liikenne
hsl,U,#8c4799,#ffffff,,rectangle-rounded-corner,,HSL,Helsingin seudun liikenne
hsl,Y,#8c4799,#ffffff,,rectangle-rounded-corner,,HSL,Helsingin seudun liikenne
hsl,Z,#8c4799,#ffffff,,rectangle-rounded-corner,,HSL,Helsingin seudun liikenne
